"排名","代號","名稱","市場","股價日期","K線","成交","漲跌價","漲跌幅","成交張數","成交額(百萬)","昨收","開盤","最高","最低","振幅(%)","PER","PBR","一個月走勢圖","三個月走勢圖","一年走勢圖","三年走勢圖"
"901",="6703","軒郁","櫃","03/17","","131","+8.5","+6.94","306","39.6","122.5","123.5","134","123","8.98","20.2","3.41","    ","    ","    ","    "
"902",="8069","元太","櫃","03/17","","175.5","+2","+1.15","11,011","1,945","173.5","177","178","175.5","1.44","20.2","4.58","    ","    ","    ","    "
"903",="3289","宜特","櫃","03/17","","90.7","-2","-2.16","3,565","327","92.7","94","94.2","90.3","4.21","20.2","2.07","    ","    ","    ","    "
"904",="3380","明泰","市","03/17","","34.3","+0.75","+2.24","2,047","70","33.55","33.9","34.4","33.75","1.94","20.3","1.79","    ","    ","    ","    "
"905",="8931","大汽電","櫃","03/17","","61.4","+1.7","+2.85","647","39.7","59.7","60.5","62.4","60.5","3.18","20.4","3.45","    ","    ","    ","    "
"906",="5321","美而快","櫃","03/17","","84.1","+2.1","+2.56","351","29.3","82","82.5","84.5","82.5","2.44","20.5","4.56","    ","    ","    ","    "
"907",="5512","力麒","櫃","03/17","","9.64","+0.17","+1.8","2,954","28.5","9.47","9.6","9.76","9.52","2.53","20.5","0.54","    ","    ","    ","    "
"908",="4746","台耀","市","03/17","","69.8","+1.9","+2.8","1,577","109","67.9","68.7","69.9","68.4","2.21","20.5","1.12","    ","    ","    ","    "
"909",="1722","台肥","市","03/17","","55.9","+0.1","+0.18","1,858","104","55.8","56","56.4","55.8","1.08","20.6","1.03","    ","    ","    ","    "
"910",="6183","關貿","市","03/17","","63.7","+0.2","+0.31","32","2.07","63.5","64.1","64.1","63.5","0.94","20.6","3.87","    ","    ","    ","    "
"911",="1219","福壽","市","03/17","","20.65","+0.25","+1.23","1,063","21.8","20.4","20.5","20.7","20.4","1.47","20.6","1.52","    ","    ","    ","    "
"912",="6158","禾昌","櫃","03/17","","24.8","+0.3","+1.22","17","0.41","24.5","24.65","25","24.65","1.43","20.7","1.24","    ","    ","    ","    "
"913",="8072","陞泰","市","03/17","","25.85","+0.2","+0.78","81","2.1","25.65","25.75","26.15","25.75","1.56","20.7","0.92","    ","    ","    ","    "
"914",="1229","聯華","市","03/17","","54.4","-1.1","-1.98","2,887","158","55.5","56","56","52.8","5.77","20.7","2.15","    ","    ","    ","    "
"915",="6243","迅杰","市","03/17","","36.05","-0.3","-0.83","699","25.5","36.35","37.05","37.15","36.05","3.03","20.7","2.06","    ","    ","    ","    "
"916",="5546","永固-KY","市","03/17","","41.3","+0.1","+0.24","17","0.7","41.2","41.75","41.75","41.05","1.7","20.8","1.18","    ","    ","    ","    "
"917",="1503","士電","市","03/17","","80.2","+0.4","+0.5","1,507","121","79.8","80.8","81","79.2","2.26","20.8","1.49","    ","    ","    ","    "
"918",="1519","華城","市","03/17","","66.7","+0.5","+0.76","5,786","385","66.2","67.1","67.4","65.6","2.72","20.8","4.2","    ","    ","    ","    "
"919",="6405","悅城","市","03/17","","21.65","+0.3","+1.41","10","0.22","21.35","21.6","21.65","21.6","0.23","20.8","0.55","    ","    ","    ","    "
"920",="8478","東哥遊艇","市","03/17","","380.5","+16","+4.39","3,802","1,433","364.5","371.5","384","370.5","3.7","20.8","7.56","    ","    ","    ","    "
"921",="6719","力智","市","03/17","","309.5","+12.5","+4.21","2,375","729","297","304","310","301.5","2.86","20.8","2.77","    ","    ","    ","    "
"922",="2358","廷鑫","市","03/17","","14.6","+0.3","+2.1","459","6.66","14.3","14.45","14.6","14.4","1.4","20.9","1.01","    ","    ","    ","    "
"923",="3006","晶豪科","市","03/17","","77.4","+1.4","+1.84","1,901","147","76","77.4","78","77","1.32","20.9","1.83","    ","    ","    ","    "
"924",="1309","台達化","市","03/17","","21.75","+0.5","+2.35","847","18.3","21.25","21.45","21.8","21.45","1.65","20.9","1.2","    ","    ","    ","    "
"925",="8042","金山電","櫃","03/17","","37.05","-0.2","-0.54","17","0.62","37.25","38.5","38.5","37","4.03","20.9","1.17","    ","    ","    ","    "
"926",="2399","映泰","市","03/17","","16.55","+0.55","+3.44","9,996","165","16","16.15","16.7","16.15","3.44","20.9","1.29","    ","    ","    ","    "
"927",="1721","三晃","市","03/17","","14.05","+0.2","+1.44","274","3.85","13.85","13.95","14.1","13.95","1.08","21","1.08","    ","    ","    ","    "
"928",="6756","威鋒電子","市","03/17","","221.5","+5.5","+2.55","1,146","254","216","219.5","224","218","2.78","21","4.79","    ","    ","    ","    "
"929",="3552","同致","櫃","03/17","","159","+3.5","+2.25","913","145","155.5","157.5","160.5","156.5","2.57","21","3.23","    ","    ","    ","    "
"930",="2929","淘帝-KY","市","03/17","","13.95","+0.2","+1.45","725","10.1","13.75","13.75","14.05","13.75","2.18","21.1","0.5","    ","    ","    ","    "
"931",="6418","詠昇","櫃","03/17","","16.1","0","0","89","1.42","16.1","16.1","16.2","15.85","2.17","21.2","1.15","    ","    ","    ","    "
"932",="1416","廣豐","市","03/17","","10.85","+0.15","+1.4","256","2.76","10.7","10.8","10.85","10.7","1.4","21.3","0.56","    ","    ","    ","    "
"933",="1795","美時","市","03/17","","247.5","+2","+0.81","4,901","1,216","245.5","249","251","245","2.44","21.4","4.68","    ","    ","    ","    "
"934",="6212","理銘","櫃","03/17","","49","-0.5","-1.01","3","0.15","49.5","48.05","49","48","2.02","21.4","1.87","    ","    ","    ","    "
"935",="8341","日友","市","03/17","","165.5","+3","+1.85","281","46.4","162.5","164","167.5","163","2.77","21.4","5.76","    ","    ","    ","    "
"936",="2362","藍天","市","03/17","","30.3","-0.5","-1.62","15,527","472","30.8","30.8","31.85","30.3","5.03","21.5","0.42","    ","    ","    ","    "
"937",="2613","中櫃","市","03/17","","22.6","+0.45","+2.03","338","7.66","22.15","22.55","22.95","22.5","2.03","21.5","0.96","    ","    ","    ","    "
"938",="2884","玉山金","市","03/17","","23.7","+0.15","+0.64","31,457","746","23.55","23.55","23.95","23.55","1.7","21.5","1.72","    ","    ","    ","    "
"939",="2753","八方雲集","市","03/17","","211.5","+12","+6.02","2,293","476","199.5","202.5","213","199.5","6.77","21.7","4.48","    ","    ","    ","    "
"940",="3673","TPK-KY","市","03/17","","34.35","+0.25","+0.73","1,931","66.6","34.1","34.5","34.8","34.35","1.32","21.7","0.36","    ","    ","    ","    "
"941",="6781","AES-KY","市","03/17","","792","+11","+1.41","711","565","781","800","803","788","1.92","21.8","5.54","    ","    ","    ","    "
"942",="1809","中釉","市","03/17","","13.5","+0.1","+0.75","292","3.95","13.4","13.5","13.6","13.45","1.12","21.8","0.75","    ","    ","    ","    "
"943",="3266","昇陽","市","03/17","","12.45","+0.15","+1.22","34","0.42","12.3","12.35","12.45","12.35","0.81","21.8","0.81","    ","    ","    ","    "
"944",="6615","慧智","櫃","03/17","","38","+0.05","+0.13","5","0.2","37.95","37.9","38.25","37.9","0.92","22","1.34","    ","    ","    ","    "
"945",="6690","安碁資訊","櫃","03/17","","176","+4","+2.33","202","35.7","172","174","178.5","173","3.2","22.2","3.24","    ","    ","    ","    "
"946",="8040","九暘","櫃","03/17","","49.4","+0.25","+0.51","345","17.1","49.15","49.9","50.4","49.25","2.34","22.3","3.87","    ","    ","    ","    "
"947",="2230","泰茂","櫃","03/17","","78.9","+3.6","+4.78","1,406","109","75.3","77","78.9","76.3","3.45","22.3","5.23","    ","    ","    ","    "
"948",="4972","湯石照明","櫃","03/17","","30.15","+0.1","+0.33","73","2.19","30.05","30","30.15","29.95","0.67","22.3","1.03","    ","    ","    ","    "
"949",="8455","大拓-KY","櫃","03/17","","22.15","-0.65","-2.85","7","0.15","22.8","22.1","22.15","21.75","1.75","22.4","1.05","    ","    ","    ","    "
"950",="6246","臺龍","櫃","03/17","","14.1","+0.1","+0.71","12","0.17","14","13.75","14.1","13.75","2.5","22.4","1.16","    ","    ","    ","    "
"951",="6763","綠界科技","櫃","03/17","","467","+8.5","+1.85","73","34.2","458.5","464","476","464","2.62","22.4","3.34","    ","    ","    ","    "
"952",="6834","天二科技","市","03/17","","28.25","-0.05","-0.18","52","1.47","28.3","28.15","28.3","28.1","0.71","22.4","1.55","    ","    ","    ","    "
"953",="8074","鉅橡","櫃","03/17","","20.65","+0.15","+0.73","86","1.78","20.5","20.6","20.8","20.55","1.22","22.4","1.25","    ","    ","    ","    "
"954",="6108","競國","市","03/17","","16.9","+0.1","+0.6","62","1.04","16.8","16.9","17","16.85","0.89","22.5","0.73","    ","    ","    ","    "
"955",="6732","昇佳電子","櫃","03/17","","390","+30.5","+8.48","2,363","902","359.5","368","392","365.5","7.37","22.6","4.27","    ","    ","    ","    "
"956",="1216","統一","市","03/17","","68.7","-0.5","-0.72","11,873","816","69.2","68.9","69","68.5","0.72","22.7","3.11","    ","    ","    ","    "
"957",="2308","台達電","市","03/17","","286.5","0","0","5,074","1,456","286.5","287","288.5","286","0.87","22.8","3.98","    ","    ","    ","    "
"958",="6747","亨泰光","櫃","03/17","","245","+19","+8.41","650","154","226","225","247.5","225","9.96","22.8","4.87","    ","    ","    ","    "
"959",="2482","連宇","市","03/17","","52.8","+1.8","+3.53","13,341","706","51","52.1","53.9","51.5","4.71","22.9","3.7","    ","    ","    ","    "
"960",="5284","jpp-KY","市","03/17","","95.9","+2.3","+2.46","1,219","116","93.6","94.8","96.5","93.5","3.21","23","2.43","    ","    ","    ","    "
"961",="3628","盈正","櫃","03/17","","43.35","+0.6","+1.4","54","2.32","42.75","43.8","44.1","43","2.57","23.1","1.3","    ","    ","    ","    "
"962",="3011","今皓","市","03/17","","22.15","+0.15","+0.68","2,646","58.8","22","22","22.5","21.8","3.18","23.1","2.46","    ","    ","    ","    "
"963",="6859","伯特光","櫃","03/17","","157","+4","+2.61","209","32.7","153","155","158.5","154","2.94","23.1","3.6","    ","    ","    ","    "
"964",="4129","聯合","櫃","03/17","","51","+0.7","+1.39","617","31.5","50.3","50.6","51.6","50.6","1.99","23.2","1.55","    ","    ","    ","    "
"965",="3207","耀勝","櫃","03/17","","79.1","+2.7","+3.53","2,740","214","76.4","77.9","79.1","76.6","3.27","23.2","4.71","    ","    ","    ","    "
"966",="4510","高鋒","櫃","03/17","","11.15","+0.3","+2.76","166","1.83","10.85","10.9","11.15","10.9","2.3","23.2","0.6","    ","    ","    ","    "
"967",="1617","榮星","市","03/17","","15.1","+0.15","+1","34","0.51","14.95","15.15","15.15","15.05","0.67","23.2","1.11","    ","    ","    ","    "
"968",="8431","匯鑽科","櫃","03/17","","56","+0.4","+0.72","73","4.06","55.6","55.8","56","55.2","1.44","23.2","2.64","    ","    ","    ","    "
"969",="1727","中華化","市","03/17","","25.8","+0.45","+1.78","228","5.89","25.35","25.75","26","25.55","1.78","23.2","1.78","    ","    ","    ","    "
"970",="2906","高林","市","03/17","","17.2","+0.4","+2.38","1,227","21.1","16.8","16.8","17.8","16.8","5.95","23.2","1.16","    ","    ","    ","    "
"971",="6542","隆中","櫃","03/17","","46","+1.5","+3.37","1","0.05","44.5","46","46","46","0","23.4","2.93","    ","    ","    ","    "
"972",="2351","順德","市","03/17","","121","+1.5","+1.26","1,334","163","119.5","122.5","124","121","2.51","23.4","3.33","    ","    ","    ","    "
"973",="6782","視陽","市","03/17","","261","+3","+1.16","440","115","258","260","266.5","255.5","4.26","23.5","5.33","    ","    ","    ","    "
"974",="3311","閎暉","市","03/17","","34.6","+0.1","+0.29","8","0.26","34.5","34.5","34.6","34.5","0.29","23.5","0.91","    ","    ","    ","    "
"975",="5438","東友","櫃","03/17","","17.45","0","0","30","0.54","17.45","17.5","17.8","17.45","2.01","23.6","0.94","    ","    ","    ","    "
"976",="3128","昇銳","櫃","03/17","","41.8","+0.7","+1.7","858","36","41.1","41.75","42.2","41.5","1.7","23.6","2.89","    ","    ","    ","    "
"977",="1714","和桐","市","03/17","","8.74","+0.05","+0.58","1,533","13.4","8.69","8.69","8.76","8.69","0.81","23.6","0.72","    ","    ","    ","    "
"978",="2355","敬鵬","市","03/17","","29.6","0","0","664","19.7","29.6","29.8","30","29.45","1.86","23.7","0.74","    ","    ","    ","    "
"979",="1440","南紡","市","03/17","","16.6","0","0","1,375","22.9","16.6","16.65","16.75","16.6","0.9","23.7","1","    ","    ","    ","    "
"980",="3219","倚強科","櫃","03/17","","55.6","+0.3","+0.54","26","1.48","55.3","56.7","57.8","55.6","3.98","23.8","2.97","    ","    ","    ","    "
"981",="4155","訊映","市","03/17","","36.85","+0.8","+2.22","5,318","196","36.05","36.05","37.2","36.05","3.19","23.8","2","    ","    ","    ","    "
"982",="5704","老爺知","櫃","03/17","","61.4","+0.6","+0.99","562","34.8","60.8","61.2","63.2","60.2","4.93","23.8","4.53","    ","    ","    ","    "
"983",="4137","麗豐-KY","市","03/17","","207","-2","-0.96","404","83.6","209","209","211","204.5","3.11","23.8","3.52","    ","    ","    ","    "
"984",="8410","森田","櫃","03/17","","30.05","0","0","0","0.01","30.05","30.05","30.05","30.05","0","23.8","0.73","    ","    ","    ","    "
"985",="6125","廣運","櫃","03/17","","29.1","+0.8","+2.83","4,451","128","28.3","28.6","29.2","28.35","3","23.9","2.06","    ","    ","    ","    "
"986",="2455","全新","市","03/17","","90.5","+7.4","+8.9","14,616","1,296","83.1","84.4","91.3","84.2","8.54","23.9","5.49","    ","    ","    ","    "
"987",="3653","健策","市","03/17","","404","+3.5","+0.87","3,012","1,245","400.5","407","425.5","404","5.37","23.9","6.53","    ","    ","    ","    "
"988",="2227","裕日車","市","03/17","","192.5","-3.5","-1.79","77","14.9","196","196","197","192.5","2.3","23.9","3","    ","    ","    ","    "
"989",="6512","啟發電","櫃","03/17","","21.55","+0.55","+2.62","10","0.21","21","21","21.75","21","3.57","23.9","1.29","    ","    ","    ","    "
"990",="4904","遠傳","市","03/17","","70.8","-0.3","-0.42","9,147","648","71.1","71.1","71.3","70.6","0.98","24","3.65","    ","    ","    ","    "
"991",="2908","特力","市","03/17","","20.65","+0.1","+0.49","157","3.25","20.55","20.55","20.7","20.55","0.73","24","1.49","    ","    ","    ","    "
"992",="6205","詮欣","市","03/17","","85.3","+3.7","+4.53","3,617","308","81.6","84","86.5","83.2","4.04","24","2.92","    ","    ","    ","    "
"993",="3373","熱映","櫃","03/17","","24.05","+0.4","+1.69","40","0.95","23.65","23.7","24.05","23.65","1.69","24","1.01","    ","    ","    ","    "
"994",="2886","兆豐金","市","03/17","","31.75","+0.1","+0.32","16,365","521","31.65","31.95","32.1","31.75","1.11","24.1","1.48","    ","    ","    ","    "
"995",="1218","泰山","市","03/17","","28.4","+0.3","+1.07","1,194","33.8","28.1","28.2","28.55","28.15","1.42","24.1","1.99","    ","    ","    ","    "
"996",="2706","第一店","市","03/17","","14.5","+0.1","+0.69","407","5.89","14.4","14.45","14.55","14.35","1.39","24.2","0.75","    ","    ","    ","    "
"997",="3372","典範","櫃","03/17","","11.85","+0.1","+0.85","116","1.37","11.75","11.8","11.85","11.75","0.85","24.2","0.98","    ","    ","    ","    "
"998",="6874","倍力","櫃","03/17","","116.5","+10.5","+9.91","844","94.6","106","109","116.5","106","9.91","24.2","5.33","    ","    ","    ","    "
"999",="2634","漢翔","市","03/17","","40.25","+0.05","+0.12","12,080","488","40.2","40.75","40.95","40.1","2.11","24.2","2.44","    ","    ","    ","    "
"1000",="2013","中鋼構","市","03/17","","58.1","+1","+1.75","112","6.51","57.1","57.5","58.4","57.3","1.93","24.3","2.21","    ","    ","    ","    "
"1001",="5452","佶優","櫃","03/17","","21.15","+0.65","+3.17","3,259","68.9","20.5","20.95","21.5","20.75","3.66","24.3","1.54","    ","    ","    ","    "
"1002",="7402","邑錡","櫃","03/17","","64","+4.1","+6.84","583","36.4","59.9","60.6","64","60.6","5.68","24.3","4.01","    ","    ","    ","    "
"1003",="3290","東浦","櫃","03/17","","28.5","+1.95","+7.34","6,455","180","26.55","26.75","28.6","26.75","6.97","24.4","1.82","    ","    ","    ","    "
"1004",="6510","精測","櫃","03/17","","573","+15","+2.69","99","56.4","558","566","573","566","1.25","24.4","2.38","    ","    ","    ","    "
"1005",="6752","叡揚","櫃","03/17","","140.5","+12.5","+9.77","475","64.5","128","127.5","140.5","127.5","10.2","24.5","4.55","    ","    ","    ","    "
"1006",="4807","日成-KY","市","03/17","","20.85","+0.35","+1.71","3","0.06","20.5","20.45","20.85","20.45","1.95","24.5","0.85","    ","    ","    ","    "
"1007",="6594","展匯科","櫃","03/17","","30","0","0","33","0.98","30","30","30.35","30","1.17","24.6","1.38","    ","    ","    ","    "
"1008",="3023","信邦","市","03/17","","301.5","+7","+2.38","494","149","294.5","297","303","297","2.04","24.7","5.65","    ","    ","    ","    "
"1009",="1521","大億","市","03/17","","37.2","+0.2","+0.54","29","1.1","37","37.95","38","36.85","3.11","24.8","1.58","    ","    ","    ","    "
"1010",="2453","凌群","市","03/17","","59.8","+5.4","+9.93","15,463","898","54.4","56","59.8","55.8","7.35","24.9","3.09","    ","    ","    ","    "
"1011",="6531","愛普*","市","03/17","","303.5","+7.5","+2.53","19,356","5,904","296","304.5","310","299.5","3.55","25.1","4.48","    ","    ","    ","    "
"1012",="2412","中華電","市","03/17","","118","-1","-0.84","12,592","1,491","119","119","119.5","118","1.26","25.1","2.4","    ","    ","    ","    "
"1013",="1711","永光","市","03/17","","18.35","+0.15","+0.82","396","7.26","18.2","18.35","18.45","18.25","1.1","25.1","1.21","    ","    ","    ","    "
"1014",="6865","偉康科技","櫃","03/17","","101.5","+7.3","+7.75","371","37.3","94.2","96.1","102.5","96","6.9","25.2","4.61","    ","    ","    ","    "
"1015",="2642","宅配通","市","03/17","","46.6","+0.35","+0.76","83","3.87","46.25","47","47","46.25","1.62","25.2","2.02","    ","    ","    ","    "
"1016",="3045","台灣大","市","03/17","","99","+0.6","+0.61","8,067","799","98.4","98.4","99.7","98.1","1.63","25.3","4.33","    ","    ","    ","    "
"1017",="1227","佳格","市","03/17","","40.6","+0.55","+1.37","2,732","109","40.05","40.1","40.6","39.75","2.12","25.4","2.13","    ","    ","    ","    "
"1018",="2034","允強","市","03/17","","29.45","+0.5","+1.73","954","28","28.95","29.2","29.5","29.1","1.38","25.4","1.26","    ","    ","    ","    "
"1019",="6477","安集","市","03/17","","49","+2.05","+4.37","7,454","362","46.95","47.5","49.2","47.25","4.15","25.4","1.81","    ","    ","    ","    "
"1020",="6693","廣閎科","櫃","03/17","","63.2","+0.8","+1.28","47","2.95","62.4","62.4","63.2","62.4","1.28","25.5","2.46","    ","    ","    ","    "
"1021",="1734","杏輝","市","03/17","","30.15","+0.15","+0.5","350","10.6","30","30.1","30.4","30.1","1","25.6","1.73","    ","    ","    ","    "
"1022",="3652","精聯","市","03/17","","27.05","+0.65","+2.46","668","18.1","26.4","26.95","27.55","26.65","3.41","25.8","1.12","    ","    ","    ","    "
"1023",="8110","華東","市","03/17","","12.9","+0.3","+2.38","449","5.77","12.6","12.8","12.9","12.75","1.19","25.8","0.67","    ","    ","    ","    "
"1024",="8926","台汽電","市","03/17","","39.75","+1.15","+2.98","2,548","101","38.6","38.85","39.85","38.85","2.59","25.8","2","    ","    ","    ","    "
"1025",="2537","聯上發","市","03/17","","6.74","+0.02","+0.3","1,006","6.78","6.72","6.71","6.77","6.71","0.89","25.9","0.49","    ","    ","    ","    "
"1026",="2497","怡利電","市","03/17","","74.8","+0.5","+0.67","1,219","91.5","74.3","75","75.8","74.6","1.62","26","4.48","    ","    ","    ","    "
"1027",="6104","創惟","櫃","03/17","","119.5","+3","+2.58","3,563","425","116.5","119","120","118.5","1.29","26","5.57","    ","    ","    ","    "
"1028",="2755","揚秦","櫃","03/17","","137","+9.5","+7.45","111","14.9","127.5","128.5","138","128.5","7.45","26.1","4.6","    ","    ","    ","    "
"1029",="1584","精剛","櫃","03/17","","29.25","+0.85","+2.99","6,157","179","28.4","29","29.55","28.65","3.17","26.1","2.15","    ","    ","    ","    "
"1030",="2395","研華","市","03/17","","363","+4","+1.11","882","319","359","361","363","358.5","1.25","26.2","6.45","    ","    ","    ","    "
"1031",="2442","新美齊","市","03/17","","14.75","+0.6","+4.24","3,632","53.3","14.15","14.3","14.9","14.25","4.59","26.3","0.97","    ","    ","    ","    "
"1032",="2338","光罩","市","03/17","","88.8","+2.7","+3.14","12,384","1,095","86.1","87.7","89.6","87.1","2.9","26.4","4.01","    ","    ","    ","    "
"1033",="2369","菱生","市","03/17","","14.8","+0.45","+3.14","448","6.56","14.35","14.6","14.8","14.55","1.74","26.4","0.97","    ","    ","    ","    "
"1034",="3663","鑫科","櫃","03/17","","29.65","+0.05","+0.17","63","1.87","29.6","29.7","29.85","29.65","0.68","26.5","1.82","    ","    ","    ","    "
"1035",="2701","萬企","市","03/17","","12.45","-0.05","-0.4","439","5.52","12.5","12.55","12.7","12.45","2","26.5","0.71","    ","    ","    ","    "
"1036",="2947","振宇五金","櫃","03/17","","92","-0.1","-0.11","22","2.02","92.1","92.1","92.2","92","0.22","26.5","2.46","    ","    ","    ","    "
"1037",="8255","朋程","櫃","03/17","","163","+2","+1.24","567","91.7","161","163.5","164.5","160","2.8","26.5","2.71","    ","    ","    ","    "
"1038",="4916","事欣科","市","03/17","","32.2","+1.2","+3.87","4,228","136","31","31.8","32.75","31.45","4.19","26.6","1.8","    ","    ","    ","    "
"1039",="4205","中華食","櫃","03/17","","106","-0.5","-0.47","10","1.04","106.5","106.5","106.5","106","0.47","26.6","5.26","    ","    ","    ","    "
"1040",="3701","大眾控","市","03/17","","49.55","+0.05","+0.1","1,065","53","49.5","50.3","50.4","49.1","2.63","26.6","3.39","    ","    ","    ","    "
"1041",="8028","昇陽半導體","市","03/17","","58","+1.3","+2.29","1,469","85.2","56.7","57.3","58.7","57.3","2.47","26.7","2.96","    ","    ","    ","    "
"1042",="2849","安泰銀","市","03/17","","14.45","+0.15","+1.05","39","0.56","14.3","14.35","14.45","14.3","1.05","26.8","0.86","    ","    ","    ","    "
"1043",="1312","國喬","市","03/17","","19.55","+0.65","+3.44","2,738","53.2","18.9","19.1","19.7","19.1","3.17","26.8","0.54","    ","    ","    ","    "
"1044",="4572","駐龍","市","03/17","","138","+1","+0.73","371","51.1","137","139.5","140.5","136","3.28","26.9","2.87","    ","    ","    ","    "
"1045",="9937","全國","市","03/17","","63.3","+2.2","+3.6","61","3.85","61.1","61.6","64","61.6","3.93","26.9","3.66","    ","    ","    ","    "
"1046",="3046","建碁","市","03/17","","67.1","-0.6","-0.89","10,472","711","67.7","68.5","69.6","66.6","4.43","26.9","6.26","    ","    ","    ","    "
"1047",="3356","奇偶","市","03/17","","40.75","+0.5","+1.24","897","36.7","40.25","41","41.35","40.5","2.11","27","1.99","    ","    ","    ","    "
"1048",="6265","方土昶","櫃","03/17","","10","+0.01","+0.1","159","1.6","9.99","10.1","10.2","9.99","2.1","27","0.83","    ","    ","    ","    "
"1049",="5468","凱鈺","櫃","03/17","","17.05","+0.25","+1.49","44","0.74","16.8","17.3","17.3","16.6","4.17","27.1","1.73","    ","    ","    ","    "
"1050",="4430","耀億","櫃","03/17","","23.3","+0.3","+1.3","5","0.12","23","23.2","23.45","23.15","1.3","27.1","0.62","    ","    ","    ","    "
"1051",="5903","全家","櫃","03/17","","224.5","+1.5","+0.67","95","21.3","223","225","226","223.5","1.12","27.2","6.97","    ","    ","    ","    "
"1052",="4747","強生","櫃","03/17","","53.4","+0.9","+1.71","459","24.5","52.5","53.4","53.9","52.6","2.48","27.2","1.88","    ","    ","    ","    "
"1053",="4164","承業醫","市","03/17","","69","+0.7","+1.02","10,204","702","68.3","71","71.6","66.9","6.88","27.3","1.84","    ","    ","    ","    "
"1054",="2492","華新科","市","03/17","","92.9","0","0","2,408","224","92.9","93.6","94.1","92.1","2.15","27.3","1.02","    ","    ","    ","    "
"1055",="5201","凱衛","櫃","03/17","","26.8","-0.05","-0.19","7","0.19","26.85","26.65","26.95","26.55","1.49","27.3","2.33","    ","    ","    ","    "
"1056",="2002","中鋼","市","03/17","","31.45","+0.85","+2.78","45,418","1,423","30.6","30.85","31.55","30.75","2.61","27.3","1.5","    ","    ","    ","    "
"1057",="5455","昇益","櫃","03/17","","28.75","0","0","0","0.01","28.75","28.75","28.75","28.75","0","27.4","3.17","    ","    ","    ","    "
"1058",="2367","燿華","市","03/17","","17.9","+0.25","+1.42","1,796","32.1","17.65","17.9","17.95","17.75","1.13","27.5","1.12","    ","    ","    ","    "
"1059",="2732","六角","櫃","03/17","","168","+6","+3.7","2,333","384","162","164.5","168","160.5","4.63","27.5","4.36","    ","    ","    ","    "
"1060",="3287","廣寰科","櫃","03/17","","13.5","+0.3","+2.27","30","0.4","13.2","13.25","13.5","13.2","2.27","27.6","1.16","    ","    ","    ","    "
"1061",="9946","三發地產","市","03/17","","11.9","+0.1","+0.85","49","0.58","11.8","11.8","11.95","11.75","1.69","27.7","0.6","    ","    ","    ","    "
"1062",="6230","尼得科超眾","市","03/17","","128","+1","+0.79","31","3.97","127","128","129","128","0.79","27.7","2.13","    ","    ","    ","    "
"1063",="6426","統新","市","03/17","","64.8","+0.6","+0.93","65","4.2","64.2","65.1","65.6","64.5","1.71","27.8","1.92","    ","    ","    ","    "
"1064",="2495","普安","市","03/17","","21.85","+1.15","+5.56","9,224","201","20.7","21.4","22.1","21.05","5.07","28","1.44","    ","    ","    ","    "
"1065",="8437","大地-KY","櫃","03/17","","119.5","0","0","10","1.23","119.5","118.5","120","118.5","1.26","28.1","2.17","    ","    ","    ","    "
"1066",="2104","國際中橡","市","03/17","","19.7","+0.1","+0.51","2,403","47.3","19.6","19.6","19.8","19.55","1.28","28.1","0.57","    ","    ","    ","    "
"1067",="2752","豆府","櫃","03/17","","270.5","+10.5","+4.04","27","7.29","260","263.5","271.5","263.5","3.08","28.2","7.44","    ","    ","    ","    "
"1068",="3013","晟銘電","市","03/17","","21.2","+0.35","+1.68","3,029","64.3","20.85","21.35","21.45","21.05","1.92","28.3","1.39","    ","    ","    ","    "
"1069",="1447","力鵬","市","03/17","","7.92","+0.02","+0.25","688","5.45","7.9","7.95","7.97","7.9","0.89","28.3","0.68","    ","    ","    ","    "
"1070",="4576","大銀微系統","市","03/17","","77.3","+1.1","+1.44","39","3.04","76.2","76.6","77.5","76.5","1.31","28.3","2.37","    ","    ","    ","    "
"1071",="6124","業強","櫃","03/17","","27.05","+0.55","+2.08","106","2.87","26.5","26.95","27.15","26.8","1.32","28.5","1.36","    ","    ","    ","    "
"1072",="4161","聿新科","櫃","03/17","","28.55","+0.05","+0.18","241","6.88","28.5","28.7","28.85","28.2","2.28","28.6","1.93","    ","    ","    ","    "
"1073",="4977","眾達-KY","市","03/17","","118.5","+2","+1.72","3,091","367","116.5","118.5","120","117.5","2.15","28.7","3.2","    ","    ","    ","    "
"1074",="2363","矽統","市","03/17","","18.75","+0.65","+3.59","3,241","60.5","18.1","18.3","18.85","18.3","3.04","28.8","0.92","    ","    ","    ","    "
"1075",="3675","德微","櫃","03/17","","296","+6","+2.07","3,443","1,029","290","299","303","295.5","2.59","28.8","8.87","    ","    ","    ","    "
"1076",="5904","寶雅","櫃","03/17","","585","+18","+3.17","468","273","567","574","591","572","3.35","28.9","9.85","    ","    ","    ","    "
"1077",="4133","亞諾法","市","03/17","","35.95","+0.25","+0.7","183","6.6","35.7","36.2","36.2","35.75","1.26","29","1.68","    ","    ","    ","    "
"1078",="6153","嘉聯益","市","03/17","","23.25","+0.15","+0.65","1,345","31.3","23.1","23.25","23.4","23.1","1.3","29.1","0.86","    ","    ","    ","    "
"1079",="2754","亞洲藏壽司","櫃","03/17","","151.5","+4.5","+3.06","232","35","147","151","152.5","147","3.74","29.1","4.69","    ","    ","    ","    "
"1080",="6708","天擎","櫃","03/17","","56.2","+0.6","+1.08","44","2.49","55.6","56","56.5","55.8","1.26","29.1","4.44","    ","    ","    ","    "
"1081",="3615","安可","櫃","03/17","","17.2","-0.05","-0.29","46","0.8","17.25","17.15","17.3","17.05","1.45","29.2","0.53","    ","    ","    ","    "
"1082",="2365","昆盈","市","03/17","","10.25","+0.15","+1.49","114","1.16","10.1","10.15","10.25","10.15","0.99","29.3","0.78","    ","    ","    ","    "
"1083",="8432","東生華","櫃","03/17","","47.3","+0.45","+0.96","34","1.61","46.85","46.85","47.65","46.85","1.71","29.4","1.7","    ","    ","    ","    "
"1084",="3004","豐達科","市","03/17","","84.2","+1.7","+2.06","113","9.5","82.5","83","84.4","83","1.7","29.5","2.28","    ","    ","    ","    "
"1085",="3645","達邁","市","03/17","","33.4","+0.1","+0.3","115","3.86","33.3","33.6","33.65","33.3","1.05","29.6","1.46","    ","    ","    ","    "
"1086",="2889","國票金","市","03/17","","12.15","+0.45","+3.85","24,077","288","11.7","11.7","12.35","11.6","6.41","29.6","1.14","    ","    ","    ","    "
"1087",="3016","嘉晶","市","03/17","","70.7","+1","+1.43","403","28.4","69.7","70.7","70.8","70","1.15","29.7","3.85","    ","    ","    ","    "
"1088",="3310","佳穎","櫃","03/17","","67.3","+6","+9.79","1,831","122","61.3","62.3","67.4","62.3","8.32","29.8","2.7","    ","    ","    ","    "
"1089",="2236","百達-KY","市","03/17","","38.05","+1.3","+3.54","221","8.38","36.75","37.1","38.6","37.1","4.08","30","1.56","    ","    ","    ","    "
"1090",="2528","皇普","市","03/17","","19.2","+0.9","+4.92","434","8.24","18.3","18.4","19.2","18.4","4.37","30","1.41","    ","    ","    ","    "
"1091",="2912","統一超","市","03/17","","268","+1.5","+0.56","1,123","301","266.5","268","269","267","0.75","30","7.64","    ","    ","    ","    "
"1092",="6417","韋僑","櫃","03/17","","136","+10.5","+8.37","1,787","238","125.5","128","138","127.5","8.37","30.2","4.01","    ","    ","    ","    "
"1093",="6561","是方","櫃","03/17","","358.5","-3","-0.83","126","45.8","361.5","362","367","358.5","2.35","30.3","7.66","    ","    ","    ","    "
"1094",="4768","晶呈科技","櫃","03/17","","182.5","0","0","751","138","182.5","187","188","180.5","4.11","30.4","5.84","    ","    ","    ","    "
"1095",="3138","耀登","市","03/17","","158.5","+4","+2.59","625","98.9","154.5","157.5","160","155.5","2.91","30.4","5.16","    ","    ","    ","    "
"1096",="2468","華經","市","03/17","","25.3","+0.4","+1.61","557","14.1","24.9","25.15","25.5","25.05","1.81","30.5","1.51","    ","    ","    ","    "
"1097",="3687","歐買尬","櫃","03/17","","86","+0.4","+0.47","344","29.6","85.6","85.8","86.8","85","2.1","30.6","1.85","    ","    ","    ","    "
"1098",="6679","鈺太","櫃","03/17","","320","+29","+9.97","2,846","894","291","300","320","300","6.87","30.8","3.55","    ","    ","    ","    "
"1099",="4513","福裕","櫃","03/17","","18.65","+0.5","+2.75","276","5.13","18.15","18.3","18.8","18.3","2.75","31.1","1.6","    ","    ","    ","    "
"1100",="6624","萬年清","櫃","03/17","","42.3","-0.35","-0.82","3","0.13","42.65","42.5","42.5","42.3","0.47","31.1","2.24","    ","    ","    ","    "
"1101",="3680","家登","櫃","03/17","","338.5","+14.5","+4.48","5,462","1,835","324","332","341","328","4.01","31.3","5.73","    ","    ","    ","    "
"1102",="6415","矽力*-KY","市","03/17","","499","-1","-0.2","2,211","1,114","500","513","516","496.5","3.9","31.3","6.18","    ","    ","    ","    "
"1103",="2477","美隆電","市","03/17","","20.45","+0.25","+1.24","22","0.46","20.2","20.3","20.5","20.3","0.99","31.5","0.78","    ","    ","    ","    "
"1104",="2855","統一證","市","03/17","","15.75","+0.2","+1.29","466","7.32","15.55","15.65","15.8","15.6","1.29","31.5","0.77","    ","    ","    ","    "
"1105",="3363","上詮","櫃","03/17","","24","+0.2","+0.84","99","2.37","23.8","23.9","24.15","23.85","1.26","31.6","1.3","    ","    ","    ","    "
"1106",="8171","天宇","櫃","03/17","","62","+2.6","+4.38","5,515","341","59.4","60.6","62.7","60.6","3.54","31.6","3.26","    ","    ","    ","    "
"1107",="6409","旭隼","市","03/17","","1615","-30","-1.82","264","428","1645","1665","1670","1605","3.95","31.7","17","    ","    ","    ","    "
"1108",="4526","東台","市","03/17","","16.85","+0.2","+1.2","296","5","16.65","16.7","17","16.7","1.8","31.8","0.85","    ","    ","    ","    "
"1109",="2530","華建","市","03/17","","17.85","0","0","523","9.36","17.85","17.95","18.05","17.8","1.4","31.9","1.46","    ","    ","    ","    "
"1110",="3081","聯亞","櫃","03/17","","115.5","+3","+2.67","598","68.7","112.5","114","116","113.5","2.22","32","2.44","    ","    ","    ","    "
"1111",="2736","富野","櫃","03/17","","24","+1.1","+4.8","1,515","36.1","22.9","23.5","24.2","23.05","5.02","32","1.01","    ","    ","    ","    "
"1112",="6291","沛亨","櫃","03/17","","139.5","+4.5","+3.33","134","18","135","140","140","130","7.41","32.1","5.71","    ","    ","    ","    "
"1113",="1614","三洋電","市","03/17","","36.55","+0.05","+0.14","10","0.38","36.5","36.55","36.7","36.2","1.37","32.3","1.72","    ","    ","    ","    "
"1114",="1466","聚隆","市","03/17","","11.7","-0.05","-0.43","120","1.41","11.75","11.8","11.95","11.7","2.13","32.5","0.79","    ","    ","    ","    "
"1115",="1256","鮮活果汁-KY","市","03/17","","333","+10","+3.1","45","14.8","323","330","334","327","2.17","32.5","3.1","    ","    ","    ","    "
"1116",="9958","世紀鋼","市","03/17","","97.6","+1.5","+1.56","1,152","112","96.1","97.1","98.1","96.6","1.56","32.6","3.17","    ","    ","    ","    "
"1117",="6282","康舒","市","03/17","","40.2","-0.1","-0.25","16,794","680","40.3","40.8","41.35","39.8","3.85","32.7","2.09","    ","    ","    ","    "
"1118",="2364","倫飛","市","03/17","","102","+9","+9.68","390","39.3","93","94","102","94","8.6","32.8","7.63","    ","    ","    ","    "
"1119",="3454","晶睿","市","03/17","","266.5","+4.5","+1.72","2,064","550","262","266","268.5","264","1.72","32.9","6.54","    ","    ","    ","    "
"1120",="1786","科妍","市","03/17","","69","+0.4","+0.58","268","18.5","68.6","69.3","69.8","68.8","1.46","33.3","3.11","    ","    ","    ","    "
"1121",="5269","祥碩","市","03/17","","1265","+100","+8.58","2,702","3,312","1165","1190","1265","1175","7.73","33.4","5.73","    ","    ","    ","    "
"1122",="1470","大統新創","市","03/17","","19.65","+0.25","+1.29","26","0.52","19.4","19.85","20","19.5","2.58","33.9","1.74","    ","    ","    ","    "
"1123",="6612","奈米醫材","櫃","03/17","","132","+5","+3.94","409","53.6","127","129.5","136","127","7.09","33.9","5.2","    ","    ","    ","    "
"1124",="3257","虹冠電","市","03/17","","47.85","+0.4","+0.84","41","1.93","47.45","47.45","47.85","47.45","0.84","33.9","2.6","    ","    ","    ","    "
"1125",="4119","旭富","市","03/17","","112","0","0","780","88.1","112","113","114","112","1.79","34.6","2.94","    ","    ","    ","    "
"1126",="3594","磐儀","櫃","03/17","","46.35","-0.2","-0.43","4,867","227","46.55","47.05","47.8","46","3.87","34.6","2.12","    ","    ","    ","    "
"1127",="9918","欣天然","市","03/17","","41.9","0","0","22","0.93","41.9","41.9","41.9","41.8","0.24","34.6","2.54","    ","    ","    ","    "
"1128",="8054","安國","櫃","03/17","","35.15","+1.15","+3.38","978","34.3","34","34.9","35.4","34.6","2.35","34.8","1.15","    ","    ","    ","    "
"1129",="2008","高興昌","市","03/17","","19.5","+0.2","+1.04","43","0.84","19.3","19.75","19.75","19.3","2.33","34.8","1.39","    ","    ","    ","    "
"1130",="5328","華容","櫃","03/17","","11.15","+0.15","+1.36","250","2.78","11","11.25","11.25","11.05","1.82","34.8","1.15","    ","    ","    ","    "
"1131",="4528","江興鍛","櫃","03/17","","32.5","+0.45","+1.4","15","0.48","32.05","32.1","32.5","32.05","1.4","34.9","1.23","    ","    ","    ","    "
"1132",="5205","中茂","櫃","03/17","","38.15","-0.5","-1.29","8","0.3","38.65","38","38.15","37.2","2.46","35","5.29","    ","    ","    ","    "
"1133",="3050","鈺德","市","03/17","","16.3","-0.05","-0.31","318","5.19","16.35","16.35","16.5","16.25","1.53","35.4","1.02","    ","    ","    ","    "
"1134",="3218","大學光","櫃","03/17","","351","+3","+0.86","547","191","348","351","353","343","2.87","35.5","11.6","    ","    ","    ","    "
"1135",="1590","亞德客-KY","市","03/17","","1120","+45","+4.19","817","910","1075","1090","1130","1080","4.65","35.7","5.89","    ","    ","    ","    "
"1136",="3707","漢磊","櫃","03/17","","88.5","+1.7","+1.96","2,562","225","86.8","87.7","88.8","86.9","2.19","35.8","5.11","    ","    ","    ","    "
"1137",="5487","通泰","櫃","03/17","","24.8","+0.25","+1.02","1","0.03","24.55","24.8","24.8","24.8","0","35.9","1.05","    ","    ","    ","    "
"1138",="3164","景岳","市","03/17","","23.75","+0.2","+0.85","42","1","23.55","23.6","23.75","23.55","0.85","36","1.52","    ","    ","    ","    "
"1139",="1454","台富","市","03/17","","12.6","+0.1","+0.8","6","0.08","12.5","12.6","12.65","12.6","0.4","36","0.96","    ","    ","    ","    "
"1140",="2722","夏都","市","03/17","","49.75","+2.8","+5.96","1,460","72.4","46.95","47.7","50.8","47.3","7.45","36.1","2.88","    ","    ","    ","    "
"1141",="5272","笙科","櫃","03/17","","31.75","+1.45","+4.79","466","14.6","30.3","30.7","31.8","30.7","3.63","36.1","1.61","    ","    ","    ","    "
"1142",="1813","寶利徠","櫃","03/17","","22.4","+0.15","+0.67","25","0.55","22.25","22.5","22.55","22.2","1.57","36.1","1.24","    ","    ","    ","    "
"1143",="3491","昇達科","櫃","03/17","","161.5","-1","-0.62","3,478","566","162.5","166","167","160.5","4","36.1","5.19","    ","    ","    ","    "
"1144",="3489","森寶","櫃","03/17","","10.5","+0.05","+0.48","14","0.15","10.45","10.6","10.7","10.5","1.91","36.2","0.67","    ","    ","    ","    "
"1145",="6582","申豐","市","03/17","","60.7","-0.1","-0.16","106","6.44","60.8","61.8","61.8","60.3","2.47","36.8","1.08","    ","    ","    ","    "
"1146",="4160","創源","櫃","03/17","","27.25","+0.25","+0.93","30","0.81","27","27.3","27.3","26.8","1.85","36.8","2","    ","    ","    ","    "
"1147",="8436","大江","櫃","03/17","","195.5","0","0","1,328","260","195.5","196","199","193.5","2.81","37.4","2.93","    ","    ","    ","    "
"1148",="2415","錩新","市","03/17","","24.3","-0.05","-0.21","75","1.83","24.35","24.8","24.8","24.3","2.05","37.4","1.27","    ","    ","    ","    "
"1149",="8476","台境","櫃","03/17","","66.2","+0.4","+0.61","147","9.73","65.8","66.4","66.7","66","1.06","37.4","4.57","    ","    ","    ","    "
"1150",="1783","和康生","市","03/17","","53.7","0","0","804","43.4","53.7","54","54.8","53.5","2.42","37.6","3.31","    ","    ","    ","    "
"1151",="1414","東和","市","03/17","","17.75","+0.25","+1.43","55","0.97","17.5","17.7","17.75","17.55","1.14","37.8","1.26","    ","    ","    ","    "
"1152",="8107","大億金茂","櫃","03/17","","17.45","+0.2","+1.16","31","0.54","17.25","17.3","17.55","17.25","1.74","37.9","0.88","    ","    ","    ","    "
"1153",="2748","雲品","市","03/17","","84.1","+4.7","+5.92","6,731","558","79.4","81.9","85","80","6.3","38.2","3.88","    ","    ","    ","    "
"1154",="1810","和成","市","03/17","","17.6","+0.3","+1.73","1,341","23.6","17.3","17.5","17.7","17.45","1.45","38.3","0.82","    ","    ","    ","    "
"1155",="2023","燁輝","市","03/17","","15.7","+0.2","+1.29","2,191","34.4","15.5","15.8","15.85","15.55","1.94","38.3","0.98","    ","    ","    ","    "
"1156",="6762","達亞","櫃","03/17","","255","+14","+5.81","17","4.16","241","242.5","255","242.5","5.19","38.5","5.61","    ","    ","    ","    "
"1157",="6789","采鈺","市","03/17","","223.5","+8","+3.71","4,603","1,029","215.5","219","227.5","219","3.94","38.5","4.18","    ","    ","    ","    "
"1158",="6129","普誠","櫃","03/17","","35.85","+0.2","+0.56","2,402","86.8","35.65","36","36.55","35.85","1.96","38.5","3.15","    ","    ","    ","    "
"1159",="2707","晶華","市","03/17","","272","+11","+4.21","2,022","544","261","264.5","275","261.5","5.17","38.6","8.52","    ","    ","    ","    "
"1160",="3094","聯傑","市","03/17","","32.65","+0.35","+1.08","929","30.4","32.3","32.8","33.05","32.55","1.55","38.9","2.53","    ","    ","    ","    "
"1161",="1467","南緯","市","03/17","","11.7","-0.25","-2.09","6,048","71.5","11.95","12","12.05","11.7","2.93","39","0.87","    ","    ","    ","    "
"1162",="1423","利華","市","03/17","","20.7","+0.25","+1.22","111","2.29","20.45","20.7","21","20.6","1.96","39.1","0.94","    ","    ","    ","    "
"1163",="2239","英利-KY","市","03/17","","67","+1.4","+2.13","136","9.05","65.6","66.2","67","65.8","1.83","39.2","0.73","    ","    ","    ","    "
"1164",="1586","和勤","櫃","03/17","","33.7","+0.3","+0.9","163","5.4","33.4","33.7","33.7","32.1","4.79","39.2","1.73","    ","    ","    ","    "
"1165",="1796","金穎生技","櫃","03/17","","88.6","+1.6","+1.84","129","11.4","87","87.9","89.4","86.5","3.33","39.2","4.42","    ","    ","    ","    "
"1166",="3105","穩懋","櫃","03/17","","168","+2.5","+1.51","4,417","739","165.5","168","169","165","2.42","39.5","2.14","    ","    ","    ","    "
"1167",="1463","強盛","市","03/17","","14.25","-0.05","-0.35","81","1.16","14.3","14.35","14.6","14.25","2.45","39.6","1.08","    ","    ","    ","    "
"1168",="2610","華航","市","03/17","","19","0","0","36,002","686","19","19.2","19.3","18.95","1.84","39.6","1.63","    ","    ","    ","    "
"1169",="4190","佐登-KY","市","03/17","","83.8","-2.3","-2.67","1,648","138","86.1","85.8","85.8","82.6","3.72","40.1","2.34","    ","    ","    ","    "
"1170",="4720","德淵","市","03/17","","14.05","+0.2","+1.44","94","1.32","13.85","14.1","14.1","13.95","1.08","40.1","1.11","    ","    ","    ","    "
"1171",="2231","為升","市","03/17","","165","+3","+1.85","712","117","162","162.5","165","161.5","2.16","40.1","5.11","    ","    ","    ","    "
"1172",="6796","晉弘","市","03/17","","101.5","+1.5","+1.5","241","24.6","100","102","104","101","3","40.3","5.34","    ","    ","    ","    "
"1173",="5222","全訊","市","03/17","","149.5","+5.5","+3.82","1,094","163","144","146","151","145","4.17","40.3","5.05","    ","    ","    ","    "
"1174",="2024","志聯","市","03/17","","19.4","+0.35","+1.84","23","0.45","19.05","19.15","19.45","19.15","1.57","40.4","1.59","    ","    ","    ","    "
"1175",="3362","先進光","櫃","03/17","","114.5","+5.5","+5.05","3,323","375","109","111","115","110.5","4.13","40.5","5.39","    ","    ","    ","    "
"1176",="5210","寶碩","櫃","03/17","","17","+0.5","+3.03","248","4.2","16.5","17","17.1","16.65","2.73","40.5","1.95","    ","    ","    ","    "
"1177",="3443","創意","市","03/17","","1130","+30","+2.73","8,980","10,376","1100","1145","1190","1115","6.82","40.8","18.8","    ","    ","    ","    "
"1178",="6142","友勁","市","03/17","","11.95","+0.25","+2.14","809","9.7","11.7","11.9","12.15","11.9","2.14","41.2","1.22","    ","    ","    ","    "
"1179",="8917","欣泰","櫃","03/17","","90","0","0","3","0.3","90","90","90","90","0","41.3","5.7","    ","    ","    ","    "
"1180",="6741","91APP*-KY","櫃","03/17","","118","+1.5","+1.29","1,073","127","116.5","119.5","121","117","3.43","41.7","5.57","    ","    ","    ","    "
"1181",="1410","南染","市","03/17","","39.2","+0.45","+1.16","85","3.32","38.75","38.75","39.45","38.6","2.19","41.7","2.28","    ","    ","    ","    "
"1182",="6133","金橋","市","03/17","","22.95","-0.3","-1.29","10,457","244","23.25","23.25","24","22.6","6.02","41.7","2.17","    ","    ","    ","    "
"1183",="5203","訊連","市","03/17","","97.9","+7.7","+8.54","4,120","395","90.2","91","98.5","91","8.31","41.8","1.66","    ","    ","    ","    "
"1184",="2374","佳能","市","03/17","","20.25","+0.1","+0.5","423","8.57","20.15","20.35","20.4","20.15","1.24","42.2","0.93","    ","    ","    ","    "
"1185",="2851","中再保","市","03/17","","17.3","+0.05","+0.29","1,415","24.4","17.25","17.25","17.4","17.2","1.16","42.2","0.81","    ","    ","    ","    "
"1186",="1268","漢來美食","櫃","03/17","","130","+5","+4","290","37.3","125","125.5","131.5","125.5","4.8","42.2","2.97","    ","    ","    ","    "
"1187",="1201","味全","市","03/17","","20.1","-0.05","-0.25","796","16","20.15","20.25","20.25","19.95","1.49","42.8","1.41","    ","    ","    ","    "
"1188",="3360","尚立","櫃","03/17","","13.9","+0.1","+0.72","58","0.81","13.8","13.85","13.9","13.8","0.72","43.4","1","    ","    ","    ","    "
"1189",="2729","瓦城","櫃","03/17","","246.5","+8","+3.35","252","62.1","238.5","241","252","239.5","5.24","43.5","3.71","    ","    ","    ","    "
"1190",="3024","憶聲","市","03/17","","14.35","+0.15","+1.06","1,261","18.1","14.2","14.3","14.6","14.15","3.17","43.5","1.41","    ","    ","    ","    "
"1191",="8374","羅昇","市","03/17","","30.45","+0.15","+0.5","68","2.08","30.3","30.85","30.85","30.3","1.82","43.5","1.67","    ","    ","    ","    "
"1192",="2633","台灣高鐵","市","03/17","","29.4","+0.2","+0.68","8,894","262","29.2","29.2","29.7","29.05","2.23","43.9","2.46","    ","    ","    ","    "
"1193",="6469","大樹","櫃","03/17","","350","-5.5","-1.55","1,488","523","355.5","354","360.5","350","2.95","44.6","12.1","    ","    ","    ","    "
"1194",="2466","冠西電","市","03/17","","33.9","+0.1","+0.3","21","0.71","33.8","33.9","34","33.8","0.59","44.6","2.79","    ","    ","    ","    "
"1195",="6568","宏觀","櫃","03/17","","162","+4","+2.53","416","67.4","158","161","164.5","159.5","3.16","44.6","3.45","    ","    ","    ","    "
"1196",="2945","三商家購","市","03/17","","42.6","+0.1","+0.24","24","1.02","42.5","42.5","43.5","42.5","2.35","44.8","1.63","    ","    ","    ","    "
"1197",="6164","華興","市","03/17","","11.25","-0.05","-0.44","802","9.05","11.3","11.45","11.45","11.15","2.65","45","0.96","    ","    ","    ","    "
"1198",="2340","台亞","市","03/17","","36.95","+0.6","+1.65","879","32.6","36.35","36.8","37.3","36.8","1.38","45.1","1.9","    ","    ","    ","    "
"1199",="3086","華義","櫃","03/17","","74.8","-0.5","-0.66","12","0.92","75.3","75","76.3","74","3.05","45.3","5.29","    ","    ","    ","    "
"1200",="2462","良得電","市","03/17","","31.3","+0.4","+1.29","758","23.8","30.9","31.25","31.75","31.2","1.78","45.4","1.71","    ","    ","    ","    "
